<?xml version = "1.0" encoding = "utf-8"?>
<!DOCTYPE hibernate-configuration SYSTEM 
"http://www.hibernate.org/dtd/hibernate-configuration-3.0.dtd">
<hibernate-configuration>
  <session-factory>
    <property name ="dialect">org.hibernate.dialect.Oracle10gDialect</property>
        <property name="hibernate.connection.driver_class">oracle.jdbc.driver.OracleDriver</property>
        <property name="hibernate.connection.url">jdbc:oracle:thin:@localhost:1521:xe</property>
        <property name="hibernate.connection.username">system</property>
        <property name="hibernate.connection.password">ilovejava</property>
         <property name="hbm2ddl.auto">update</property>
        <property name="hibernate.dialect">org.hibernate.dialect.Oracle10gDialect</property>
        
        <property name="connection.pool-size">1</property>
        <mapping resource ="com/lti/StudentMaven/Student.hbm.xml"/>
    </session-factory>
    </hibernate-configuration>
   